{"cameraMode":{"drawMode":0,"name":"Shaded","section":"Shading Mode"},"sceneLighting":true,"audioPlay":false,"sceneViewState":{"showFog":true,"showMaterialUpdate":false,"showSkybox":true,"showFlares":true,"showImageEffects":true,"showParticleSystems":true,"showVisualEffectGraphs":true,"m_FxEnabled":true},"in2DMode":false,"pivot":{"x":0.8282599449157715,"y":-1.2682418823242188,"z":9.707560539245606},"rotation":{"x":0.40482470393180849,"y":-0.23439203202724458,"z":0.10810229927301407,"w":0.8773100972175598},"size":3.7532899379730226,"orthographic":false}